<?xml version="1.0" encoding="utf-8"?>
<odoo>
    <data>
        <!--Email template -->
        <record id="email_template_res_partner_line_notify" model="mail.template">
            <field name="name">Line Notify: Send by email</field>
            <field name="model_id" ref="base.model_res_partner"/>
            <field name="email_from">{{ (object.company_id.email or user.email) }}</field>
<!--            <field name="partner_to">{{ object.id }}</field>-->
            <field name="email_to">{{ object.email or '' }}</field>
            <field name="subject">Line Notify Setup</field>
            <field name="body_html" type="html">
                <div style="margin: 0px; padding: 0px;">
                    <p style="margin: 0px; padding: 0px; font-size: 13px;">
                        Dear
                        <t t-out="object.name or ''"/>
                        <br/>
                        請登入並註冊Line Notify，將服務指向自己.
                        <br/>
                        <a t-att-href="object.line_notify">Line Notify</a>
                    </p>
                    <p>
                        <img src="/line_notify/static/src/line_notify.png" alt="Line Notify" style="max-width: 100%; height: auto;"/>
                    </p>
                </div>
            </field>
            <field name="lang">${object.lang}</field>
            <field name="auto_delete" eval="True"/>
        </record>

        <record id="email_template_res_users_line_notify" model="mail.template">
            <field name="name">Line Notify: Send by email</field>
            <field name="model_id" ref="base.model_res_users"/>
            <field name="email_from">{{ (object.company_id.email or user.email) }}</field>
<!--            <field name="partner_to">{{ object.partner_id.id if object.partner_id else False }}</field>-->
            <field name="email_to">{{ object.email or '' }}</field>
            <field name="subject">Line Notify Setup</field>
            <field name="body_html" type="html">
                <div style="margin: 0px; padding: 0px;">
                    <p style="margin: 0px; padding: 0px; font-size: 13px;">
                        Dear
                        <t t-if="object.name" t-out="object.name"/>
                        <t t-else="" t-out="object.partner_id.name or ''"/>
                        <br/>
                        請登入並註冊Line Notify，將服務指向自己.
                        <br/>
                        <a t-att-href="object.line_notify">Line Notify</a>
                    </p>
                    <p>
                        <img src="/line_notify/static/src/line_notify.png" alt="Line Notify" style="max-width: 100%; height: auto;"/>
                    </p>
                </div>
            </field>
            <field name="lang">${object.partner_id.lang}</field>
            <field name="auto_delete" eval="True"/>
        </record>
    </data>
</odoo>